aid,evDesc1,evDesc2,evDesc3,evType,ts
3f36efb441e763020dfaf783e289655c3ec19fb13692cbde5f1c912d3c69e4c8,0.9.2 (29),"iphone,ios,cordova,capacitor,mobile,hybrid,Apple,iPhone,ios,13.6.1,ios","(47.698259751873,-122.37044843640845)",evStart,2020-08-26T00:02:20.105Z
6b9defb05dfc0199b1f7ef4bafc815338e328fc5935f57cb4ef2ae45e05820af,0.9.2 (29),"ipad,ios,tablet,cordova,capacitor,mobile,hybrid,Apple,iPad,ios,13.6.1,ios","(47.69827375933354,-122.37048730687675)",evStart,2020-08-26T00:03:57.358Z
97362f1ba9b08a01f001a4b5c1d5a6a15d296aadf248847e157e5efe41f8c2c2,0.9.2 (29),"android,cordova,capacitor,mobile,hybrid,motorola,Moto G Play,android,6.0.1,android",n/a,evStart,2020-08-26T00:05:01.505Z
ac1e51c717cdc4efc891f63dc74e49ff3b9b4d4243672f46bcd47c14a7e43883,0.9.2 (29),"iphone,ios,cordova,capacitor,mobile,hybrid,Apple,iPhone,ios,12.4.6,ios","(47.69831102140851,-122.37053233536898)",evStart,2020-08-26T00:05:23.548Z
97362f1ba9b08a01f001a4b5c1d5a6a15d296aadf248847e157e5efe41f8c2c2,0.9.2 (29),"android,cordova,capacitor,mobile,hybrid,motorola,Moto G Play,android,6.0.1,android",n/a,evStart,2020-08-26T00:11:34.921Z
6b9defb05dfc0199b1f7ef4bafc815338e328fc5935f57cb4ef2ae45e05820af,0.9.2 (29),"ipad,ios,tablet,cordova,capacitor,mobile,hybrid,Apple,iPad,ios,13.6.1,ios","(47.698247030094834,-122.3704356747822)",evStart,2020-08-26T03:33:11.980Z
6b9defb05dfc0199b1f7ef4bafc815338e328fc5935f57cb4ef2ae45e05820af,0.9.2 (29),"ipad,ios,tablet,cordova,capacitor,mobile,hybrid,Apple,iPad,ios,13.6.1,ios","(47.69822032151485,-122.37037263170635)",evStart,2020-08-26T11:32:44.898Z
51f2232b-ee92-461d-88ef-65ee8de0c359,0.7.20 (28),Pixel 3a: Android 10,"(47.6984055,-122.3704656)",evStart,2020-08-26T12:34:27.716Z
c43773fc6bfb8f0f6a80d5987d5c2dda09491d11a3089b47595bc7d5be0c7f5b, (),"tablet,desktop,,Macintosh,mac,Intel Mac OS X 10.15,web","(47.698390752153,-122.3706700879061)",evStart,2020-08-26T12:36:08.324Z
4d60e2cc5fcab06b2020970ff0308de4aae156792db32b64d3f3491e2e3c2065,0.9.2 (29),"ipad,ios,tablet,cordova,capacitor,mobile,hybrid,Apple,iPad,ios,13.6.1,ios",n/a,evStart,2020-08-26T15:16:17.776Z
e6689634c0100d2e6ada504f710c49be1e02f77d85aefd42f2325c7fd1181e17,1.0.0 (30),"iphone,ios,phablet,cordova,capacitor,mobile,hybrid,Apple,iPhone,ios,13.6,ios","(47.698298,-122.37049784729292)",evStart,2020-08-26T16:34:30.461Z
4d60e2cc5fcab06b2020970ff0308de4aae156792db32b64d3f3491e2e3c2065,0.9.2 (29),"ipad,ios,tablet,cordova,capacitor,mobile,hybrid,Apple,iPad,ios,13.6.1,ios","(47.69824904124662,-122.37036967270373)",evStart,2020-08-26T16:34:53.832Z
4d60e2cc5fcab06b2020970ff0308de4aae156792db32b64d3f3491e2e3c2065,0.9.2 (29),"ipad,ios,tablet,cordova,capacitor,mobile,hybrid,Apple,iPad,ios,13.6.1,ios","(47.69824904124662,-122.37036967270373)",evStart,2020-08-26T16:35:15.251Z
4d60e2cc5fcab06b2020970ff0308de4aae156792db32b64d3f3491e2e3c2065,0.9.2 (29),"ipad,ios,tablet,cordova,capacitor,mobile,hybrid,Apple,iPad,ios,13.6.1,ios","(47.69824701374245,-122.37038370621259)",evStart,2020-08-26T16:39:26.418Z
4d60e2cc5fcab06b2020970ff0308de4aae156792db32b64d3f3491e2e3c2065,0.9.2 (29),"ipad,ios,tablet,cordova,capacitor,mobile,hybrid,Apple,iPad,ios,13.6.1,ios","(47.69829688374653,-122.3704925504735)",evStart,2020-08-26T16:56:06.675Z
b0910df19363b03f1462c8de49e79610c765fac455240b832bd159a8c29e980a, (),"iphone,ios,mobile,mobileweb,,iPhone,ios,Intel Mac OS X 10.15,web","(47.69835893778742,-122.37070074786611)",evStart,2020-08-26T17:03:20.770Z
b0910df19363b03f1462c8de49e79610c765fac455240b832bd159a8c29e980a, (),"tablet,desktop,,Macintosh,mac,Intel Mac OS X 10.15,web","(47.698484822343914,-122.37052350383152)",evStart,2020-08-26T17:04:27.466Z
4d60e2cc5fcab06b2020970ff0308de4aae156792db32b64d3f3491e2e3c2065,0.9.2 (29),"ipad,ios,tablet,cordova,capacitor,mobile,hybrid,Apple,iPad,ios,13.6.1,ios","(47.69827089232061,-122.37046278267866)",evStart,2020-08-26T17:08:48.632Z
b0910df19363b03f1462c8de49e79610c765fac455240b832bd159a8c29e980a, (),"tablet,desktop,,Macintosh,mac,Intel Mac OS X 10.15,web","(47.698484822343914,-122.37052350383152)",evStart,2020-08-26T17:38:22.571Z
b0910df19363b03f1462c8de49e79610c765fac455240b832bd159a8c29e980a, (),"tablet,desktop,,Macintosh,mac,Intel Mac OS X 10.15,web","(47.698289453545335,-122.37045863161923)",evStart,2020-08-26T18:10:46.090Z
b0910df19363b03f1462c8de49e79610c765fac455240b832bd159a8c29e980a, (),"tablet,desktop,,Macintosh,mac,Intel Mac OS X 10.15,web","(47.69834678156217,-122.37054111113441)",evStart,2020-08-26T18:13:53.047Z
b0910df19363b03f1462c8de49e79610c765fac455240b832bd159a8c29e980a, (),"tablet,desktop,,Macintosh,mac,Intel Mac OS X 10.15,web","(47.69838646365652,-122.37071675250537)",evStart,2020-08-26T18:14:35.699Z
b0910df19363b03f1462c8de49e79610c765fac455240b832bd159a8c29e980a, (),"tablet,desktop,,Macintosh,mac,Intel Mac OS X 10.15,web","(47.698368264332515,-122.37067990648637)",evStart,2020-08-26T18:16:45.252Z
b0910df19363b03f1462c8de49e79610c765fac455240b832bd159a8c29e980a, (),"tablet,desktop,,Macintosh,mac,Intel Mac OS X 10.15,web","(47.698321362759856,-122.37064767580033)",evStart,2020-08-26T18:18:09.617Z
4d60e2cc5fcab06b2020970ff0308de4aae156792db32b64d3f3491e2e3c2065,0.9.2 (29),"ipad,ios,tablet,cordova,capacitor,mobile,hybrid,Apple,iPad,ios,13.6.1,ios","(47.69830254230046,-122.37041361871071)",evStart,2020-08-26T18:42:13.356Z
4d60e2cc5fcab06b2020970ff0308de4aae156792db32b64d3f3491e2e3c2065,0.9.2 (29),"ipad,ios,tablet,cordova,capacitor,mobile,hybrid,Apple,iPad,ios,13.6.1,ios","(47.698269623158886,-122.37038584395965)",evStart,2020-08-26T18:46:10.333Z
b0910df19363b03f1462c8de49e79610c765fac455240b832bd159a8c29e980a, (),"tablet,desktop,,Macintosh,mac,Intel Mac OS X 10.15,web","(47.69835173917516,-122.37065337761905)",evStart,2020-08-26T18:53:51.258Z
e6689634c0100d2e6ada504f710c49be1e02f77d85aefd42f2325c7fd1181e17,1.0.0 (30),"iphone,ios,phablet,cordova,capacitor,mobile,hybrid,Apple,iPhone,ios,13.6,ios","(47.698298,-122.37049784729292)",evStart,2020-08-26T20:32:44.510Z
e6689634c0100d2e6ada504f710c49be1e02f77d85aefd42f2325c7fd1181e17,1.0.0 (30),"iphone,ios,phablet,cordova,capacitor,mobile,hybrid,Apple,iPhone,ios,13.6,ios","(47.698298,-122.37049784729292)",evStart,2020-08-26T22:44:34.685Z
e6689634c0100d2e6ada504f710c49be1e02f77d85aefd42f2325c7fd1181e17,1.0.0 (30),"iphone,ios,phablet,cordova,capacitor,mobile,hybrid,Apple,iPhone,ios,13.6,ios","(47.698298,-122.37049784729292)",evStart,2020-08-26T22:53:43.580Z
9a645a94b940f585eb0cbf4137b0c60ac4f8eb1ac7f114a61edc077e552531f2,0.9.2 (29),"ipad,ios,tablet,cordova,capacitor,mobile,hybrid,Apple,iPad,ios,12.3,ios",n/a,evStart,2020-08-26T23:14:40.912Z
b1b6c43df0d81dec96dc0b8f8eba7a0da4882680c4e380428211bbce7c69b242,1.0.0 (30),"android,phablet,cordova,capacitor,mobile,hybrid,Google,Android SDK built for x86,android,10,android","(37.4219906,-122.0841143)",evStart,2020-08-26T23:18:18.355Z
3f36efb441e763020dfaf783e289655c3ec19fb13692cbde5f1c912d3c69e4c8,1.0.0 (30),"iphone,ios,cordova,capacitor,mobile,hybrid,Apple,iPhone,ios,13.6.1,ios","(47.698254355281456,-122.37051270689274)",evStart,2020-08-26T23:38:42.787Z
4d60e2cc5fcab06b2020970ff0308de4aae156792db32b64d3f3491e2e3c2065,1.0.0 (30),"ipad,ios,tablet,cordova,capacitor,mobile,hybrid,Apple,iPad,ios,13.6.1,ios","(47.698287590951374,-122.37059867993491)",evStart,2020-08-26T23:40:45.208Z
97362f1ba9b08a01f001a4b5c1d5a6a15d296aadf248847e157e5efe41f8c2c2,1.0.0 (30),"android,cordova,capacitor,mobile,hybrid,motorola,Moto G Play,android,6.0.1,android",n/a,evStart,2020-08-26T23:42:58.544Z
ac1e51c717cdc4efc891f63dc74e49ff3b9b4d4243672f46bcd47c14a7e43883,1.0.0 (30),"iphone,ios,cordova,capacitor,mobile,hybrid,Apple,iPhone,ios,12.4.6,ios","(47.698281611553,-122.37057933203836)",evStart,2020-08-26T23:45:40.218Z
6b9defb05dfc0199b1f7ef4bafc815338e328fc5935f57cb4ef2ae45e05820af,1.0.0 (30),"ipad,ios,tablet,cordova,capacitor,mobile,hybrid,Apple,iPad,ios,13.6.1,ios","(47.6982586714913,-122.37049919706038)",evStart,2020-08-26T23:57:20.686Z
b797edb39859274dffc864e782befb3b8f3dfc7192574e0a0b721b3318f83e74,1.0.0 (30),"ipad,ios,tablet,cordova,capacitor,mobile,hybrid,Apple,iPad,ios,13.6,ios","(47.698298,-122.37049784729292)",evStart,2020-08-27T01:29:46.856Z
11b93a5a50498a0c9181e7f9a193b1b0cbe50b95e9a3606f0f37ca241bf4c1e6,1.0.0 (30),"iphone,ios,cordova,capacitor,mobile,hybrid,Apple,iPhone,ios,13.6,ios","(47.698298,-122.37049784729292)",evStart,2020-08-27T01:39:48.616Z
11b93a5a50498a0c9181e7f9a193b1b0cbe50b95e9a3606f0f37ca241bf4c1e6,1.0.0 (30),"iphone,ios,cordova,capacitor,mobile,hybrid,Apple,iPhone,ios,13.6,ios","(47.698298,-122.37049784729292)",evStart,2020-08-27T01:44:48.164Z
33c5b5f6fe19a77b8433f9a516da568e6bd61fd3c1dadb607c7b27ad672ada03,1.0.0 (30),"ipad,ios,tablet,cordova,capacitor,mobile,hybrid,Apple,iPad,ios,13.6,ios","(47.698298,-122.37049784729292)",evStart,2020-08-27T02:12:28.853Z
cde5fe57162c6392f4b670ab41b4afb82ed743608d61c3c7c0e40c4a9bf7c340,0.9.2 (29),"ipad,ios,tablet,cordova,capacitor,mobile,hybrid,Apple,iPad,ios,13.6.1,ios",n/a,evStart,2020-08-27T02:22:04.403Z
57c38e610db33832447f9a3dc9eccca89c38ed5edc577b2f20db33d60ea24f48,1.0.0 (30),"iphone,ios,cordova,capacitor,mobile,hybrid,Apple,iPhone,ios,13.1.3,ios",n/a,evStart,2020-08-27T02:29:54.732Z
ec854b275a032c9b0fd115c69f0804390a26ce9d7e313a9b52853a46d840f269,1.0.0 (30),"ipad,ios,tablet,cordova,capacitor,mobile,hybrid,Apple,iPad,ios,12.3,ios",n/a,evStart,2020-08-27T02:35:39.733Z
d0b4fb7394bcf9de670aed4f855f45c7d5bff8eea02f7757946ca239a829a7d9,0.9.2 (29),"iphone,ios,cordova,capacitor,mobile,hybrid,Apple,iPhone,ios,13.6.1,ios","(47.66203895229864,-122.3205452556819)",evStart,2020-08-27T03:46:33.768Z
d0573972b4e5751d9eee0d67e0696bd97f9563f09542e9fa0a494a60b5304332,0.9.2 (29),"iphone,ios,phablet,cordova,capacitor,mobile,hybrid,Apple,iPhone,ios,13.6.1,ios","(46.735526164044074,-119.90914162657165)",evStart,2020-08-27T11:54:59.081Z
9f635ac94fe07d336db9c7e621382472932fe7db57d37e1fe777b94ba9bd7ff2,1.0.0 (30),"android,phablet,cordova,capacitor,mobile,hybrid,Google,Pixel 3a,android,10,android","(47.6984093,-122.3704699)",evStart,2020-08-27T14:00:06.039Z
b1b6c43df0d81dec96dc0b8f8eba7a0da4882680c4e380428211bbce7c69b242,1.0.0 (30),"android,phablet,cordova,capacitor,mobile,hybrid,Google,Android SDK built for x86,android,10,android","(37.4219906,-122.0841143)",evStart,2020-08-27T14:46:34.877Z
15038562bda78a0070f69d43e6ee0ffef23844e2bc725e69dbc105cb00519823,1.0.0 (30),"android,cordova,capacitor,mobile,hybrid,motorola,moto g(6),android,9,android","(47.6984379,-122.3705165)",evStart,2020-08-27T15:38:18.020Z
f5f526507eee0c684f41e89df184587dd0d6e0b00ddc1bc1bbcc527dc7a1cd76,1.0.0 (30),"ipad,ios,tablet,cordova,capacitor,mobile,hybrid,Apple,iPad,ios,14.0,ios",n/a,evStart,2020-08-27T15:59:47.042Z
2e7fbf12393a81d1be7227cd15ea252f652403b9600273bd8190bfb37e97fbc5,1.0.0 (30),"iphone,ios,cordova,capacitor,mobile,hybrid,Apple,iPhone,ios,13.6.1,ios",n/a,evStart,2020-08-27T16:36:22.809Z
b1b6c43df0d81dec96dc0b8f8eba7a0da4882680c4e380428211bbce7c69b242,1.0.1 (31),"android,phablet,cordova,capacitor,mobile,hybrid,Google,Android SDK built for x86,android,10,android","(37.4219906,-122.0841143)",evStart,2020-08-27T17:01:56.605Z
97362f1ba9b08a01f001a4b5c1d5a6a15d296aadf248847e157e5efe41f8c2c2,1.0.1 (31),"android,cordova,capacitor,mobile,hybrid,motorola,Moto G Play,android,6.0.1,android",n/a,evStart,2020-08-27T17:24:38.514Z
3f36efb441e763020dfaf783e289655c3ec19fb13692cbde5f1c912d3c69e4c8,1.0.0 (30),"iphone,ios,cordova,capacitor,mobile,hybrid,Apple,iPhone,ios,13.6.1,ios","(47.69826238931565,-122.3703345057143)",evStart,2020-08-27T17:50:09.757Z
b1b6c43df0d81dec96dc0b8f8eba7a0da4882680c4e380428211bbce7c69b242,1.0.1 (31),"android,phablet,cordova,capacitor,mobile,hybrid,Google,Android SDK built for x86,android,10,android","(37.4219906,-122.0841143)",evStart,2020-08-27T17:51:03.660Z
aa60dce9815bd4c2958e1a9410bb1ec6656202a67c1676877a99abbffc0dc703,1.0.0 (30),"ipad,ios,tablet,cordova,capacitor,mobile,hybrid,Apple,iPad,ios,13.6.1,ios",n/a,evStart,2020-08-27T19:05:10.612Z
b82a9a67376adf5715692d16473e9be6661cded5a9836445eef12a23e3986b50,1.0.0 (30),"ipad,ios,tablet,cordova,capacitor,mobile,hybrid,Apple,iPad,ios,13.6.1,ios","(47.698276565532545,-122.37039168369816)",evStart,2020-08-27T21:59:36.805Z
9f635ac94fe07d336db9c7e621382472932fe7db57d37e1fe777b94ba9bd7ff2,1.0.0 (30),"android,phablet,cordova,capacitor,mobile,hybrid,Google,Pixel 3a,android,10,android","(47.6983978,-122.3704609)",evStart,2020-08-27T22:27:14.683Z
4a3a7f86095a34ab165516a8da2d97f80e276af657c6eec30eb0553398aa9e03,1.0.0 (30),"ipad,ios,tablet,cordova,capacitor,mobile,hybrid,Apple,iPad,ios,13.6.1,ios","(47.69829176253495,-122.37052151395334)",evStart,2020-08-27T23:03:16.550Z
6d2a8b658adc1ff56801619e1cb283557d2ba63fac34f41238dfeed803392956,1.0.0 (30),"iphone,ios,cordova,capacitor,mobile,hybrid,Apple,iPhone,ios,13.6.1,ios","(47.698323597096916,-122.37053736612062)",evStart,2020-08-27T23:06:32.095Z
778ebe21d61b8d975d08cf0c71cbbce454b473a9eb21b9ddea53afdd1e1fc5c0,0.9.2 (29),"iphone,ios,cordova,capacitor,mobile,hybrid,Apple,iPhone,ios,13.5.1,ios",n/a,evStart,2020-08-28T21:37:45.253Z
15038562bda78a0070f69d43e6ee0ffef23844e2bc725e69dbc105cb00519823,1.0.1 (31),"android,cordova,capacitor,mobile,hybrid,motorola,moto g(6),android,9,android","(47.698445,-122.3705978)",evStart,2020-08-29T13:55:50.686Z
66be76760e5c86168772ae342b57eef1af5a54ad7e9552c73fa684f8a9fdd0ea,1.0.0 (30),"iphone,ios,cordova,capacitor,mobile,hybrid,Apple,iPhone,ios,13.5.1,ios","(38.190336609848934,-121.23048384393766)",evStart,2020-08-29T17:30:14.683Z
77cb5e219c9785a805649667f2752192b061db9a8021f0e879a29ed986bdba59,1.0.1 (31),"android,cordova,capacitor,mobile,hybrid,motorola,Moto G (5) Plus,android,7.0,android","(47.5350346,-122.2327858)",evStart,2020-08-29T18:30:15.777Z
77cb5e219c9785a805649667f2752192b061db9a8021f0e879a29ed986bdba59,1.0.1 (31),"android,cordova,capacitor,mobile,hybrid,motorola,Moto G (5) Plus,android,7.0,android","(47.53504,-122.2327914)",evStart,2020-08-30T00:58:51.386Z
09e0071da2fedfaed7526cd8a47edff2d5614558f23c0e9797b5334a2a754e53,1.0.0 (30),"ipad,ios,tablet,cordova,capacitor,mobile,hybrid,Apple,iPad,ios,12.4,ios",n/a,evStart,2020-08-30T01:35:31.329Z
3a19ddcd71ef459097ec4eaa1d0fceaa7a37f224193e1b140c8752678e11365f,1.0.0 (30),"iphone,ios,cordova,capacitor,mobile,hybrid,Apple,iPhone,ios,13.1.3,ios",n/a,evStart,2020-08-30T01:35:56.200Z
d40d0888ae24465a783c59f413628d3680c770749bda54f4a20358489406437c,0.9.2 (29),"iphone,ios,cordova,capacitor,mobile,hybrid,Apple,iPhone,ios,13.1.3,ios",n/a,evStart,2020-08-30T10:38:02.291Z
08ace15de10dffd9858b1f7a7771075da9903a010bc4b778e4b8165e0986f9eb,1.0.0 (30),"ipad,ios,tablet,cordova,capacitor,mobile,hybrid,Apple,iPad,ios,13.5.1,ios",n/a,evStart,2020-08-30T12:50:02.441Z
6d2a8b658adc1ff56801619e1cb283557d2ba63fac34f41238dfeed803392956,1.0.0 (30),"iphone,ios,cordova,capacitor,mobile,hybrid,Apple,iPhone,ios,13.6.1,ios","(47.69820632566817,-122.37052634452381)",evStart,2020-08-31T17:28:47.043Z
8364c471f8d9cff61ac3eb1c22fa6017f89b931bb441101de500dd30551e90d7,1.0.0 (30),"iphone,ios,cordova,capacitor,mobile,hybrid,Apple,iPhone,ios,13.6.1,ios","(46.67275393088309,-120.5110853879576)",evStart,2020-08-31T18:29:04.457Z
fc1b9154a03013130b5b4d6f03ff25598f862fdeb1ff62f68f2f0f5db658f486,1.0.0 (30),"iphone,ios,cordova,capacitor,mobile,hybrid,Apple,iPhone,ios,13.6.1,ios",n/a,evStart,2020-08-31T19:45:41.917Z
7c441680b9ad0621a8acb78f431d44f6de843842d87a651687fd23cbf4a8f315,1.0.0 (30),"iphone,ios,cordova,capacitor,mobile,hybrid,Apple,iPhone,ios,13.5.1,ios","(47.706243314674104,-122.31960674714074)",evStart,2020-08-31T21:07:40.935Z
bd895bb74d836cb8483e0ec50804760606d8cf1e3f22baa5a0344451a5cfeefe,1.0.0 (30),"iphone,ios,cordova,capacitor,mobile,hybrid,Apple,iPhone,ios,13.3.1,ios","(46.6947719314472,-120.5039274707329)",evStart,2020-09-01T01:20:27.013Z
6e9c0682cd39ef1025891f504f2e73c1d18bebdf474b00035949bbe84140970a,1.0.0 (30),"iphone,ios,cordova,capacitor,mobile,hybrid,Apple,iPhone,ios,13.6.1,ios","(46.20411414667807,-119.23999792701704)",evStart,2020-09-01T05:28:39.400Z
66be76760e5c86168772ae342b57eef1af5a54ad7e9552c73fa684f8a9fdd0ea,1.0.0 (30),"iphone,ios,cordova,capacitor,mobile,hybrid,Apple,iPhone,ios,13.5.1,ios","(38.19036029164294,-121.231073783541)",evStart,2020-09-01T13:46:13.356Z
b1b6c43df0d81dec96dc0b8f8eba7a0da4882680c4e380428211bbce7c69b242,1.0.2 (32),"android,phablet,cordova,capacitor,mobile,hybrid,Google,Android SDK built for x86,android,10,android","(37.4219906,-122.0841143)",evStart,2020-09-01T21:16:52.725Z
33c5b5f6fe19a77b8433f9a516da568e6bd61fd3c1dadb607c7b27ad672ada03,1.0.2 (32),"ipad,ios,tablet,cordova,capacitor,mobile,hybrid,Apple,iPad,ios,13.6,ios","(47.698298,-122.37049784729292)",evStart,2020-09-01T21:20:55.513Z
b1b6c43df0d81dec96dc0b8f8eba7a0da4882680c4e380428211bbce7c69b242,1.0.2 (32),"android,phablet,cordova,capacitor,mobile,hybrid,Google,Android SDK built for x86,android,10,android","(37.4219906,-122.0841143)",evStart,2020-09-01T22:22:12.403Z
b1b6c43df0d81dec96dc0b8f8eba7a0da4882680c4e380428211bbce7c69b242,1.0.2 (32),"android,phablet,cordova,capacitor,mobile,hybrid,Google,Android SDK built for x86,android,10,android","(37.4219906,-122.0841143)",evStart,2020-09-01T22:27:08.023Z
b1b6c43df0d81dec96dc0b8f8eba7a0da4882680c4e380428211bbce7c69b242,1.0.2 (32),"android,phablet,cordova,capacitor,mobile,hybrid,Google,Android SDK built for x86,android,10,android","(37.4219906,-122.0841143)",evStart,2020-09-01T22:43:37.989Z
b1b6c43df0d81dec96dc0b8f8eba7a0da4882680c4e380428211bbce7c69b242,1.0.2 (32),"android,phablet,cordova,capacitor,mobile,hybrid,Google,Android SDK built for x86,android,10,android","(37.4219906,-122.0841143)",evStart,2020-09-01T22:59:10.379Z
b83f8a407f4af8efdc42c2a98b6b433322aba534543903e12c44b903fada0cb0,1.0.0 (30),"iphone,ios,cordova,capacitor,mobile,hybrid,Apple,iPhone,ios,13.5.1,ios",n/a,evStart,2020-09-02T09:35:00.662Z
59b80d2d89a66d22e9070cc3ab84984da15c3df0789faa504aa3d6c18d8d1852,1.0.0 (30),"ipad,ios,tablet,cordova,capacitor,mobile,hybrid,Apple,iPad,ios,13.3,ios",n/a,evStart,2020-09-02T09:52:38.898Z
4a3a7f86095a34ab165516a8da2d97f80e276af657c6eec30eb0553398aa9e03,1.0.0 (30),"ipad,ios,tablet,cordova,capacitor,mobile,hybrid,Apple,iPad,ios,13.6.1,ios","(47.69823531014768,-122.37036381487789)",evStart,2020-09-02T20:42:06.846Z
33c5b5f6fe19a77b8433f9a516da568e6bd61fd3c1dadb607c7b27ad672ada03,1.0.2 (32),"ipad,ios,tablet,cordova,capacitor,mobile,hybrid,Apple,iPad,ios,13.6,ios",n/a,evStart,2020-09-02T20:52:22.323Z
15038562bda78a0070f69d43e6ee0ffef23844e2bc725e69dbc105cb00519823,1.0.1 (31),"android,cordova,capacitor,mobile,hybrid,motorola,moto g(6),android,9,android","(47.698425,-122.3705278)",evStart,2020-09-03T01:15:28.697Z
15038562bda78a0070f69d43e6ee0ffef23844e2bc725e69dbc105cb00519823,1.0.1 (31),"android,cordova,capacitor,mobile,hybrid,motorola,moto g(6),android,9,android","(47.6984359,-122.3705254)",evStart,2020-09-03T15:35:55.734Z
9f70123824abf4d91c96af24b89cae907504e265374c648d3e304ad08efe555e, (),"iphone,ios,mobile,mobileweb,,iPhone,ios,Intel Mac OS X 10.15,web","(47.698339931612594,-122.3706452672453)",evStart,2020-09-03T20:14:27.501Z
9f70123824abf4d91c96af24b89cae907504e265374c648d3e304ad08efe555e, (),"iphone,ios,mobile,mobileweb,,iPhone,ios,Intel Mac OS X 10.15,web","(47.69833509083919,-122.37063993201652)",evStart,2020-09-03T20:46:57.585Z
9f70123824abf4d91c96af24b89cae907504e265374c648d3e304ad08efe555e, (),"iphone,ios,mobile,mobileweb,,iPhone,ios,Intel Mac OS X 10.15,web","(47.69833509083919,-122.37063993201652)",evStart,2020-09-03T21:03:50.117Z
9f70123824abf4d91c96af24b89cae907504e265374c648d3e304ad08efe555e, (),"iphone,ios,mobile,mobileweb,,iPhone,ios,Intel Mac OS X 10.15,web","(47.69833509083919,-122.37063993201652)",evStart,2020-09-03T21:03:51.445Z
9f70123824abf4d91c96af24b89cae907504e265374c648d3e304ad08efe555e, (),"iphone,ios,mobile,mobileweb,,iPhone,ios,Intel Mac OS X 10.15,web","(47.69833509083919,-122.37063993201652)",evStart,2020-09-03T21:03:52.740Z
261fa3a956642244c7681c3c52ca65dfd56ee42b0d6368dfffa59b39bc64756b,1.0.4 (33),"iphone,ios,cordova,capacitor,mobile,hybrid,Apple,iPhone,ios,13.6,ios",n/a,evStart,2020-09-03T21:22:53.435Z
b1b6c43df0d81dec96dc0b8f8eba7a0da4882680c4e380428211bbce7c69b242,1.0.4 (33),"android,phablet,cordova,capacitor,mobile,hybrid,Google,Android SDK built for x86,android,10,android","(37.4219853,-122.0840034)",evStart,2020-09-03T21:29:09.240Z
97362f1ba9b08a01f001a4b5c1d5a6a15d296aadf248847e157e5efe41f8c2c2,1.0.4 (34),"android,cordova,capacitor,mobile,hybrid,motorola,Moto G Play,android,6.0.1,android",n/a,evStart,2020-09-03T22:43:02.071Z
6b9defb05dfc0199b1f7ef4bafc815338e328fc5935f57cb4ef2ae45e05820af,1.0.4 (34),"ipad,ios,tablet,cordova,capacitor,mobile,hybrid,Apple,iPad,ios,13.6.1,ios","(47.6982531742902,-122.37040314804521)",evStart,2020-09-03T22:46:53.328Z
97362f1ba9b08a01f001a4b5c1d5a6a15d296aadf248847e157e5efe41f8c2c2,1.0.4 (34),"android,cordova,capacitor,mobile,hybrid,motorola,Moto G Play,android,6.0.1,android",n/a,evStart,2020-09-03T22:53:33.220Z
97362f1ba9b08a01f001a4b5c1d5a6a15d296aadf248847e157e5efe41f8c2c2,1.0.4 (34),"android,cordova,capacitor,mobile,hybrid,motorola,Moto G Play,android,6.0.1,android",n/a,evStart,2020-09-03T23:03:42.710Z
97362f1ba9b08a01f001a4b5c1d5a6a15d296aadf248847e157e5efe41f8c2c2,1.0.4 (34),"android,cordova,capacitor,mobile,hybrid,motorola,Moto G Play,android,6.0.1,android",n/a,evStart,2020-09-03T23:13:35.461Z
97362f1ba9b08a01f001a4b5c1d5a6a15d296aadf248847e157e5efe41f8c2c2,1.0.4 (34),"android,cordova,capacitor,mobile,hybrid,motorola,Moto G Play,android,6.0.1,android",n/a,evStart,2020-09-03T23:23:25.692Z
20b5cf4d287799fe53cb3e481a7944b7358dde6f78c702fcae5ca7e55b9580f1,1.0.4 (34),"iphone,ios,cordova,capacitor,mobile,hybrid,Apple,iPhone,ios,13.5.1,ios",n/a,evStart,2020-09-03T23:58:15.891Z
9c19e1a617f5134ab7c290b79acd8a79ce9cf01f93527ca7f117de5e09a2902e,1.0.0 (30),"ipad,ios,tablet,cordova,capacitor,mobile,hybrid,Apple,iPad,ios,13.1.3,ios",n/a,evStart,2020-09-04T13:45:10.961Z
75c2bc9d73eacaccc3063a79cc2e1f6a4752aeca0715626dbeb07ec888482e8d,1.0.4 (34),"ipad,ios,tablet,cordova,capacitor,mobile,hybrid,Apple,iPad,ios,13.7,ios",n/a,evStart,2020-09-04T17:28:52.460Z
f1418264e07eb2964ebd5c4b313c26003e413f65a2ced5566e623c32300f1d76,1.0.4 (34),"android,phablet,cordova,capacitor,mobile,hybrid,samsung,SM-N960U,android,10,android",n/a,evStart,2020-09-05T06:45:02.542Z
fc1b9154a03013130b5b4d6f03ff25598f862fdeb1ff62f68f2f0f5db658f486,1.0.0 (30),"iphone,ios,cordova,capacitor,mobile,hybrid,Apple,iPhone,ios,13.6.1,ios",n/a,evStart,2020-09-05T22:15:51.070Z
97a2efdfb03d440e38fa5eb10438a19904e939f5498e08b09715b97088747ae8,1.0.4 (34),"ipad,ios,tablet,cordova,capacitor,mobile,hybrid,Apple,iPad,ios,12.4,ios",n/a,evStart,2020-09-06T23:42:08.053Z
32ef4f1cb97a596b410fc0a740c17d9b7f2091fb0e0cb2f56da437525854d4eb,1.0.0 (30),"iphone,ios,cordova,capacitor,mobile,hybrid,Apple,iPhone,ios,13.1.3,ios",n/a,evStart,2020-09-07T07:09:25.000Z
15e858abe364a5a8626fbdd3484247568f84e762f589aab184f9a9b8cf4f91d0,1.0.4 (34),"ipad,ios,tablet,cordova,capacitor,mobile,hybrid,Apple,iPad,ios,13.3,ios",n/a,evStart,2020-09-07T19:45:07.308Z
6d2a8b658adc1ff56801619e1cb283557d2ba63fac34f41238dfeed803392956,1.0.4 (34),"iphone,ios,cordova,capacitor,mobile,hybrid,Apple,iPhone,ios,13.6.1,ios","(47.69828340394563,-122.37057656512081)",evStart,2020-09-09T00:00:58.139Z
9f635ac94fe07d336db9c7e621382472932fe7db57d37e1fe777b94ba9bd7ff2,1.0.4 (34),"android,phablet,cordova,capacitor,mobile,hybrid,Google,Pixel 3a,android,11,android","(47.6984049,-122.3704823)",evStart,2020-09-09T21:25:30.313Z
9f635ac94fe07d336db9c7e621382472932fe7db57d37e1fe777b94ba9bd7ff2,1.0.4 (34),"android,phablet,cordova,capacitor,mobile,hybrid,Google,Pixel 3a,android,11,android","(47.6984001,-122.3704747)",evStart,2020-09-09T21:43:51.399Z
1db33eb477a37ee7da198e1170d16c8f76f511e74906943368f05c312f52370c,0.9.2 (29),"iphone,ios,cordova,capacitor,mobile,hybrid,Apple,iPhone,ios,12.4,ios",n/a,evStart,2020-09-11T16:26:34.372Z
fcf449c6e351519517b76bc70d5f9ef4d359bce3fe06d46e353fb95e9058b2cf,1.0.4 (34),"iphone,ios,cordova,capacitor,mobile,hybrid,Apple,iPhone,ios,13.6.1,ios","(46.677541607591536,-119.92002443156615)",evStart,2020-09-11T19:01:32.939Z
45f83750ced694d5faf9d9971523464892b661feb879e4ae5db885e8e513c873,1.0.4 (34),"ipad,ios,tablet,cordova,capacitor,mobile,hybrid,Apple,iPad,ios,13.6.1,ios","(46.5867789144272,-120.61633680044974)",evStart,2020-09-11T19:38:59.181Z
b3a258dde8b28bdc766b92d0e5cc5ba30d95c8b5c6a3a42f334a44b626f38bbe,1.0.4 (34),"iphone,ios,cordova,capacitor,mobile,hybrid,Apple,iPhone,ios,13.6.1,ios",n/a,evStart,2020-09-11T20:10:52.922Z
eacdf01a890e5d9ac23159de5f72ce3c2b3a6ca4ef4478a244f642d2aeac8a37,1.0.4 (34),"iphone,ios,cordova,capacitor,mobile,hybrid,Apple,iPhone,ios,13.7,ios",n/a,evStart,2020-09-11T22:41:46.291Z
fcf449c6e351519517b76bc70d5f9ef4d359bce3fe06d46e353fb95e9058b2cf,1.0.4 (34),"iphone,ios,cordova,capacitor,mobile,hybrid,Apple,iPhone,ios,13.6.1,ios","(46.677610900363646,-119.9200095686226)",evStart,2020-09-12T22:01:50.105Z
295fdebbde25c69289cef9fc2ed17dca40bc58e7426d017a268e422321d431f8,1.0.4 (34),"android,phablet,cordova,capacitor,mobile,hybrid,samsung,SM-N960U,android,10,android",n/a,evStart,2020-09-13T22:48:26.619Z
6d2a8b658adc1ff56801619e1cb283557d2ba63fac34f41238dfeed803392956,1.0.4 (34),"iphone,ios,cordova,capacitor,mobile,hybrid,Apple,iPhone,ios,13.7,ios","(47.698746767943156,-122.37328200220921)",evStart,2020-09-14T22:22:20.388Z
7c441680b9ad0621a8acb78f431d44f6de843842d87a651687fd23cbf4a8f315,1.0.4 (34),"iphone,ios,cordova,capacitor,mobile,hybrid,Apple,iPhone,ios,13.6.1,ios","(47.705804566993955,-122.31849892962519)",evStart,2020-09-14T22:23:21.826Z
c9f897283356effed26433dff687884dc09231c2be5f93fc5b63aeef8e09ec4e,1.0.4 (34),"ipad,ios,tablet,cordova,capacitor,mobile,hybrid,Apple,iPad,ios,13.6.1,ios","(45.400340383056765,-122.66152553218393)",evStart,2020-09-15T17:23:47.578Z
a57a0dabc857dc3bfcf1c067e36c2b1cc8c3673e66086b8dcc52a8154278d683,1.0.4 (34),"iphone,ios,phablet,cordova,capacitor,mobile,hybrid,Apple,iPhone,ios,13.5.1,ios",n/a,evStart,2020-09-15T17:27:51.623Z
bdf22ee047ad7a8a9c1b88b454634955c8cfe69a8433219fc4cff8ef82649e1f,1.0.4 (34),"android,phablet,cordova,capacitor,mobile,hybrid,samsung,SM-J737V,android,9,android",n/a,evStart,2020-09-16T01:28:14.654Z
4a3a7f86095a34ab165516a8da2d97f80e276af657c6eec30eb0553398aa9e03,1.0.0 (30),"ipad,ios,tablet,cordova,capacitor,mobile,hybrid,Apple,iPad,ios,13.6.1,ios","(47.69833107482893,-122.37043311833276)",evStart,2020-09-16T16:37:56.984Z
ae988b519426cf02c44c2282e074308bb2d7bca09d070440e928c57e0f1b00ac,1.0.4 (34),"iphone,ios,cordova,capacitor,mobile,hybrid,Apple,iPhone,ios,13.7,ios","(46.57017454509863,-120.60496182531013)",evStart,2020-09-17T17:56:47.834Z
ae988b519426cf02c44c2282e074308bb2d7bca09d070440e928c57e0f1b00ac,1.0.4 (34),"iphone,ios,cordova,capacitor,mobile,hybrid,Apple,iPhone,ios,13.7,ios",n/a,evStart,2020-09-18T19:12:18.602Z
cb26ac95b67f88b0e80c67729109e877311221d9f51148cb6f2c5a3b53e975ce,1.0.4 (34),"iphone,ios,cordova,capacitor,mobile,hybrid,Apple,iPhone,ios,13.5.1,ios","(40.655881904916264,-73.90330413391219)",evStart,2020-09-19T13:51:32.770Z
cb26ac95b67f88b0e80c67729109e877311221d9f51148cb6f2c5a3b53e975ce,1.0.4 (34),"iphone,ios,cordova,capacitor,mobile,hybrid,Apple,iPhone,ios,13.5.1,ios","(40.65585177705254,-73.90331441409734)",evStart,2020-09-19T14:17:32.307Z
cb26ac95b67f88b0e80c67729109e877311221d9f51148cb6f2c5a3b53e975ce,1.0.4 (34),"iphone,ios,cordova,capacitor,mobile,hybrid,Apple,iPhone,ios,13.5.1,ios","(40.841975002587624,-73.94405862323376)",evStart,2020-09-21T13:02:37.017Z
4a2d40421a2c99bd9dd65e62f08543e581a4b6471c76dbc6807f5501e278c9b7,1.0.4 (34),"android,cordova,capacitor,mobile,hybrid,LGE,LM-G710VM,android,9,android","(46.5567846,-120.3577814)",evStart,2020-09-21T18:21:53.149Z
75810c7cf1f1f278200ff5a48e528bc8572b6e25d4d08191d57c57389d26b01d,1.0.4 (34),"iphone,ios,cordova,capacitor,mobile,hybrid,Apple,iPhone,ios,13.6.1,ios","(46.60314734309784,-120.47675726100026)",evStart,2020-09-21T19:47:37.347Z
b0aea0f893e113c13b32d4655bf15f5988dfb520a55071f7c9bed38a8fc6c94a,1.0.4 (34),"iphone,ios,cordova,capacitor,mobile,hybrid,Apple,iPhone,ios,13.7,ios",n/a,evStart,2020-09-21T22:58:18.486Z
38e8e6b6869f850b8a33196fc4c4efef815e73970c7d40274583ae2b9912fc2b,1.0.4 (34),"iphone,ios,cordova,capacitor,mobile,hybrid,Apple,iPhone,ios,13.7,ios","(35.225780965553675,-80.77426135851753)",evStart,2020-09-22T10:41:46.382Z
4a2d40421a2c99bd9dd65e62f08543e581a4b6471c76dbc6807f5501e278c9b7,1.0.4 (34),"android,cordova,capacitor,mobile,hybrid,LGE,LM-G710VM,android,9,android","(46.5446317,-120.303336)",evStart,2020-09-22T14:27:37.719Z
4a3a7f86095a34ab165516a8da2d97f80e276af657c6eec30eb0553398aa9e03,1.0.0 (30),"ipad,ios,tablet,cordova,capacitor,mobile,hybrid,Apple,iPad,ios,13.6.1,ios","(47.69824804909984,-122.37025251267227)",evStart,2020-09-22T14:36:14.866Z
4a3a7f86095a34ab165516a8da2d97f80e276af657c6eec30eb0553398aa9e03,1.0.4 (34),"ipad,ios,tablet,cordova,capacitor,mobile,hybrid,Apple,iPad,ios,13.6.1,ios","(47.698267585884274,-122.3703572943692)",evStart,2020-09-22T15:01:39.375Z
4a3a7f86095a34ab165516a8da2d97f80e276af657c6eec30eb0553398aa9e03,1.0.4 (34),"ipad,ios,tablet,cordova,capacitor,mobile,hybrid,Apple,iPad,ios,13.6.1,ios","(47.698286838537236,-122.37034426723956)",evStart,2020-09-22T15:11:21.600Z
6c9f3a7213d94139f034591b4ec85c5f8ac4913833a608be031db247f9bb6a81,1.0.4 (34),"android,cordova,capacitor,mobile,hybrid,samsung,SM-G955U,android,9,android","(47.4715713,-120.3805507)",evStart,2020-09-22T15:50:02.625Z
0cccbd307866ddc241955ad223a8445da85f7c923920144c684989f022f912cd,1.0.4 (34),"iphone,ios,cordova,capacitor,mobile,hybrid,Apple,iPhone,ios,13.7,ios","(47.10797450003162,-119.3095600505386)",evStart,2020-09-22T15:59:49.145Z
b0aea0f893e113c13b32d4655bf15f5988dfb520a55071f7c9bed38a8fc6c94a,1.0.4 (34),"iphone,ios,cordova,capacitor,mobile,hybrid,Apple,iPhone,ios,13.7,ios",n/a,evStart,2020-09-22T16:04:40.051Z
ae988b519426cf02c44c2282e074308bb2d7bca09d070440e928c57e0f1b00ac,1.0.4 (34),"iphone,ios,cordova,capacitor,mobile,hybrid,Apple,iPhone,ios,13.7,ios","(46.56827347656668,-120.60196250247971)",evStart,2020-09-22T16:04:44.888Z
75810c7cf1f1f278200ff5a48e528bc8572b6e25d4d08191d57c57389d26b01d,1.0.4 (34),"iphone,ios,cordova,capacitor,mobile,hybrid,Apple,iPhone,ios,13.6.1,ios","(46.603041249300595,-120.47671753578203)",evStart,2020-09-22T16:09:35.141Z
ae988b519426cf02c44c2282e074308bb2d7bca09d070440e928c57e0f1b00ac,1.0.4 (34),"iphone,ios,cordova,capacitor,mobile,hybrid,Apple,iPhone,ios,13.7,ios","(46.570324397458386,-120.60489297041926)",evStart,2020-09-22T16:09:48.345Z
4a3a7f86095a34ab165516a8da2d97f80e276af657c6eec30eb0553398aa9e03,1.0.4 (34),"ipad,ios,tablet,cordova,capacitor,mobile,hybrid,Apple,iPad,ios,13.6.1,ios","(47.698251949796166,-122.37029241931569)",evStart,2020-09-22T16:10:48.717Z
b0aea0f893e113c13b32d4655bf15f5988dfb520a55071f7c9bed38a8fc6c94a,1.0.4 (34),"iphone,ios,cordova,capacitor,mobile,hybrid,Apple,iPhone,ios,13.7,ios",n/a,evStart,2020-09-22T16:11:10.534Z
4a3a7f86095a34ab165516a8da2d97f80e276af657c6eec30eb0553398aa9e03,1.0.4 (34),"ipad,ios,tablet,cordova,capacitor,mobile,hybrid,Apple,iPad,ios,13.6.1,ios","(47.69827390386286,-122.37034752968849)",evStart,2020-09-22T16:11:35.476Z
b0aea0f893e113c13b32d4655bf15f5988dfb520a55071f7c9bed38a8fc6c94a,1.0.4 (34),"iphone,ios,cordova,capacitor,mobile,hybrid,Apple,iPhone,ios,13.7,ios",n/a,evStart,2020-09-22T16:11:59.878Z
ae988b519426cf02c44c2282e074308bb2d7bca09d070440e928c57e0f1b00ac,1.0.4 (34),"iphone,ios,cordova,capacitor,mobile,hybrid,Apple,iPhone,ios,13.7,ios","(46.570215820420024,-120.60507392013677)",evStart,2020-09-22T16:12:05.515Z
b0aea0f893e113c13b32d4655bf15f5988dfb520a55071f7c9bed38a8fc6c94a,1.0.4 (34),"iphone,ios,cordova,capacitor,mobile,hybrid,Apple,iPhone,ios,13.7,ios",n/a,evStart,2020-09-22T16:13:54.291Z
b0aea0f893e113c13b32d4655bf15f5988dfb520a55071f7c9bed38a8fc6c94a,1.0.4 (34),"iphone,ios,cordova,capacitor,mobile,hybrid,Apple,iPhone,ios,13.7,ios",n/a,evStart,2020-09-22T16:15:51.703Z
b0aea0f893e113c13b32d4655bf15f5988dfb520a55071f7c9bed38a8fc6c94a,1.0.4 (34),"iphone,ios,cordova,capacitor,mobile,hybrid,Apple,iPhone,ios,13.7,ios",n/a,evStart,2020-09-22T16:28:32.257Z
4a2d40421a2c99bd9dd65e62f08543e581a4b6471c76dbc6807f5501e278c9b7,1.0.4 (34),"android,cordova,capacitor,mobile,hybrid,LGE,LM-G710VM,android,9,android",n/a,evStart,2020-09-22T16:32:52.592Z
7c441680b9ad0621a8acb78f431d44f6de843842d87a651687fd23cbf4a8f315,1.0.4 (34),"iphone,ios,cordova,capacitor,mobile,hybrid,Apple,iPhone,ios,13.6.1,ios","(47.70619664661265,-122.31966417576746)",evStart,2020-09-22T16:33:23.791Z
75810c7cf1f1f278200ff5a48e528bc8572b6e25d4d08191d57c57389d26b01d,1.0.4 (34),"iphone,ios,cordova,capacitor,mobile,hybrid,Apple,iPhone,ios,13.6.1,ios","(46.60317109577415,-120.4768323525321)",evStart,2020-09-22T16:47:05.581Z
84812cb76d732e7e9366ea00a6f957ff73d670853ca1c76fc63c09d27262565e,1.0.4 (34),"iphone,ios,cordova,capacitor,mobile,hybrid,Apple,iPhone,ios,13.1.2,ios",n/a,evStart,2020-09-23T00:20:19.348Z
0cccbd307866ddc241955ad223a8445da85f7c923920144c684989f022f912cd,1.0.4 (34),"iphone,ios,cordova,capacitor,mobile,hybrid,Apple,iPhone,ios,13.7,ios","(47.108230874716575,-119.30992152263524)",evStart,2020-09-23T18:38:00.283Z
4e52269e35abc0548648988c2cdd52b3b7d8e6a3103fe43234e9d4a19b5de064,1.0.4 (34),"iphone,ios,cordova,capacitor,mobile,hybrid,Apple,iPhone,ios,13.7,ios","(44.05161005171611,-71.68448439626033)",evStart,2020-09-24T12:25:33.430Z
188f8821cac04a2c19d5b9c0b899635c9e40d4a1388284c15e18428d5f752a3b,1.0.4 (34),"iphone,ios,cordova,capacitor,mobile,hybrid,Apple,iPhone,ios,14.0,ios","(47.107883254589645,-122.2539526126944)",evStart,2020-09-24T15:35:51.399Z
6d2a8b658adc1ff56801619e1cb283557d2ba63fac34f41238dfeed803392956,1.0.4 (34),"iphone,ios,cordova,capacitor,mobile,hybrid,Apple,iPhone,ios,13.7,ios","(47.70058168898982,-122.36732705977691)",evStart,2020-09-24T18:07:47.846Z
0e4bcad6c092ca1246575f1d9acd48a43d46ceebc16ba220e036753417c20819,1.0.4 (34),"iphone,ios,cordova,capacitor,mobile,hybrid,Apple,iPhone,ios,13.6.1,ios",n/a,evStart,2020-09-24T20:03:31.185Z
a7482d6dda33f2d97e9654ee54856f576ae91b8ff43018ca110f806d89bc7332,1.0.4 (34),"android,cordova,capacitor,mobile,hybrid,samsung,SM-G973U,android,10,android",n/a,evStart,2020-09-24T20:07:29.138Z
9cc91f326b533adfa408caa26b9162e4b409315fe5a6ff47c87e9a97e8fa8ba5,1.0.4 (34),"iphone,ios,cordova,capacitor,mobile,hybrid,Apple,iPhone,ios,13.6,ios","(46.602751967407436,-120.56572157054472)",evStart,2020-09-25T16:50:55.570Z
4a3a7f86095a34ab165516a8da2d97f80e276af657c6eec30eb0553398aa9e03,1.0.4 (34),"ipad,ios,tablet,cordova,capacitor,mobile,hybrid,Apple,iPad,ios,13.6.1,ios","(47.69825499466697,-122.37044347356151)",evStart,2020-09-25T18:50:00.936Z
5ec8f7155f6e2b2fa3530b08d058a090d5a7fc0d39677129798ab23df21568ce,1.0.4 (34),"ipad,ios,tablet,cordova,capacitor,mobile,hybrid,Apple,iPad,ios,13.7,ios","(45.73163847535728,-121.52824943856518)",evStart,2020-09-25T23:27:39.427Z
0e4bcad6c092ca1246575f1d9acd48a43d46ceebc16ba220e036753417c20819,1.0.4 (34),"iphone,ios,cordova,capacitor,mobile,hybrid,Apple,iPhone,ios,13.6.1,ios",n/a,evStart,2020-09-26T18:59:21.152Z
7d0ed6e74aeb5b0e2a1fd2c71846608a37cb700cd39ab5a7b892b112273924cf,1.0.4 (34),"iphone,ios,cordova,capacitor,mobile,hybrid,Apple,iPhone,ios,13.5,ios","(-32.5040172,-71.0022311)",evStart,2020-09-27T19:12:22.186Z
3567230674b52f9d80087c896227d03f6ae51da87b34d54da2b482cb4435c8ec,1.0.4 (34),"iphone,ios,phablet,cordova,capacitor,mobile,hybrid,Apple,iPhone,ios,14.0,ios","(39.52099059620665,-74.93376931654633)",evStart,2020-09-28T07:49:01.710Z
77cb5e219c9785a805649667f2752192b061db9a8021f0e879a29ed986bdba59,1.0.4 (34),"android,cordova,capacitor,mobile,hybrid,motorola,Moto G (5) Plus,android,7.0,android","(47.5350197,-122.2327952)",evStart,2020-09-28T20:21:40.436Z
15d55fef0f67632950529098ba3abbc4549707e9d1c35cdcc038e350018bfb53,1.0.4 (34),"android,tablet,cordova,capacitor,mobile,hybrid,samsung,SM-T350,android,7.1.1,android","(47.1080259,-122.2541653)",evStart,2020-09-28T20:26:13.522Z
6d2a8b658adc1ff56801619e1cb283557d2ba63fac34f41238dfeed803392956,1.0.4 (34),"iphone,ios,cordova,capacitor,mobile,hybrid,Apple,iPhone,ios,13.7,ios","(47.698286785427435,-122.37042454340359)",evStart,2020-09-28T23:43:03.576Z
6d2a8b658adc1ff56801619e1cb283557d2ba63fac34f41238dfeed803392956,1.0.4 (34),"iphone,ios,cordova,capacitor,mobile,hybrid,Apple,iPhone,ios,13.7,ios","(47.69864326214284,-122.37001296410149)",evStart,2020-09-29T00:28:32.917Z
4a3a7f86095a34ab165516a8da2d97f80e276af657c6eec30eb0553398aa9e03,1.0.4 (34),"ipad,ios,tablet,cordova,capacitor,mobile,hybrid,Apple,iPad,ios,13.6.1,ios","(47.69829773625004,-122.37029593776738)",evStart,2020-09-29T00:31:01.189Z
4a3a7f86095a34ab165516a8da2d97f80e276af657c6eec30eb0553398aa9e03,1.0.4 (34),"ipad,ios,tablet,cordova,capacitor,mobile,hybrid,Apple,iPad,ios,13.6.1,ios","(47.698297025208696,-122.37029418326144)",evStart,2020-09-29T00:41:51.456Z
4a3a7f86095a34ab165516a8da2d97f80e276af657c6eec30eb0553398aa9e03,1.0.4 (34),"ipad,ios,tablet,cordova,capacitor,mobile,hybrid,Apple,iPad,ios,13.6.1,ios","(47.698347896035514,-122.37033901154899)",evStart,2020-09-29T00:44:54.575Z
9f635ac94fe07d336db9c7e621382472932fe7db57d37e1fe777b94ba9bd7ff2,1.0.4 (34),"android,phablet,cordova,capacitor,mobile,hybrid,Google,Pixel 3a,android,11,android","(47.6984304,-122.37046)",evStart,2020-09-29T21:30:05.871Z
d6d60266ab5001a37acf1afe32143c98b79ab5631f8b42b53d96a73ed1daf321,1.0.4 (34),"iphone,ios,cordova,capacitor,mobile,hybrid,Apple,iPhone,ios,13.7,ios",n/a,evStart,2020-09-29T21:55:21.768Z
15038562bda78a0070f69d43e6ee0ffef23844e2bc725e69dbc105cb00519823,1.0.4 (34),"android,cordova,capacitor,mobile,hybrid,motorola,moto g(6),android,9,android","(47.698436,-122.370476)",evStart,2020-09-29T21:59:54.831Z
0e4bcad6c092ca1246575f1d9acd48a43d46ceebc16ba220e036753417c20819,1.0.4 (34),"iphone,ios,cordova,capacitor,mobile,hybrid,Apple,iPhone,ios,13.6.1,ios",n/a,evStart,2020-09-29T21:59:58.463Z
15038562bda78a0070f69d43e6ee0ffef23844e2bc725e69dbc105cb00519823,1.0.4 (34),"android,cordova,capacitor,mobile,hybrid,motorola,moto g(6),android,9,android","(47.6984406,-122.3704639)",evStart,2020-09-29T22:07:42.296Z
4a3a7f86095a34ab165516a8da2d97f80e276af657c6eec30eb0553398aa9e03,1.0.4 (34),"ipad,ios,tablet,cordova,capacitor,mobile,hybrid,Apple,iPad,ios,13.6.1,ios","(47.698197509723855,-122.37016810403243)",evStart,2020-09-30T15:11:30.139Z
6b9defb05dfc0199b1f7ef4bafc815338e328fc5935f57cb4ef2ae45e05820af,1.0.4 (34),"ipad,ios,tablet,cordova,capacitor,mobile,hybrid,Apple,iPad,ios,14.0.1,ios","(47.69834163471356,-122.3705156480325)",evStart,2020-09-30T16:47:42.954Z
4ed7c47c99a436bc7af83247107d18732b99834e3caf6d8dd0f9fc02ddbcee34,1.0.4 (34),"iphone,ios,cordova,capacitor,mobile,hybrid,Apple,iPhone,ios,14.0.1,ios","(35.051366873052984,-79.04818778145427)",evStart,2020-10-01T15:07:24.784Z
4a3a7f86095a34ab165516a8da2d97f80e276af657c6eec30eb0553398aa9e03,1.0.4 (34),"ipad,ios,tablet,cordova,capacitor,mobile,hybrid,Apple,iPad,ios,13.6.1,ios","(47.698238762977404,-122.37032847610278)",evStart,2020-10-01T16:45:43.458Z
500dd2b54014d386757dc147ef076d0b43ad04ed79691c4a844bcc747d452fd3,1.0.4 (34),"android,phablet,cordova,capacitor,mobile,hybrid,Google,Pixel 3a XL,android,10,android","(47.7150931,-122.292522)",evStart,2020-10-01T23:57:41.569Z
d5fc10ca08e9724054c176888b9205da830a05103cb22195086ec048eb8c6946,1.0.4 (34),"iphone,ios,cordova,capacitor,mobile,hybrid,Apple,iPhone,ios,13.7,ios",n/a,evStart,2020-10-02T15:45:00.002Z
8d88324e0d8c9b76cd8eb8e62de4625eb07f91e5f38ab12d68cca0be5ce89a6d,1.0.0 (30),"iphone,ios,cordova,capacitor,mobile,hybrid,Apple,iPhone,ios,13.5.1,ios",n/a,evStart,2020-10-02T23:42:54.217Z
d5fc10ca08e9724054c176888b9205da830a05103cb22195086ec048eb8c6946,1.0.4 (34),"iphone,ios,cordova,capacitor,mobile,hybrid,Apple,iPhone,ios,14.0.1,ios",n/a,evStart,2020-10-03T04:48:23.382Z
9f635ac94fe07d336db9c7e621382472932fe7db57d37e1fe777b94ba9bd7ff2,1.0.4 (34),"android,phablet,cordova,capacitor,mobile,hybrid,Google,Pixel 3a,android,11,android","(47.6984297,-122.3704652)",evStart,2020-10-04T19:26:54.167Z
80ec79baf03cf80bb521aa8becbc5762edc665f879abc24350c99ae7c2a7d65c,1.0.4 (34),"iphone,ios,cordova,capacitor,mobile,hybrid,Apple,iPhone,ios,13.7,ios",n/a,evStart,2020-10-04T22:35:07.941Z
d5fc10ca08e9724054c176888b9205da830a05103cb22195086ec048eb8c6946,1.0.4 (34),"iphone,ios,cordova,capacitor,mobile,hybrid,Apple,iPhone,ios,14.0.1,ios",n/a,evStart,2020-10-05T21:03:29.425Z
d5fc10ca08e9724054c176888b9205da830a05103cb22195086ec048eb8c6946,1.0.4 (34),"iphone,ios,cordova,capacitor,mobile,hybrid,Apple,iPhone,ios,14.0.1,ios",n/a,evStart,2020-10-08T19:09:18.822Z
6b9defb05dfc0199b1f7ef4bafc815338e328fc5935f57cb4ef2ae45e05820af,1.0.4 (34),"ipad,ios,tablet,cordova,capacitor,mobile,hybrid,Apple,iPad,ios,14.0.1,ios","(47.6983225730821,-122.37049665290422)",evStart,2020-10-12T05:37:07.893Z
4ed7c47c99a436bc7af83247107d18732b99834e3caf6d8dd0f9fc02ddbcee34,1.0.4 (34),"iphone,ios,cordova,capacitor,mobile,hybrid,Apple,iPhone,ios,14.0.1,ios","(35.05139093907041,-79.04810525826915)",evStart,2020-10-12T13:50:40.545Z
7684a8e4774b0ff9242b11266d1ccb56c3d841f1732849a04eade9eb9ab8bf70,1.0.4 (34),"iphone,ios,cordova,capacitor,mobile,hybrid,Apple,iPhone,ios,14.0,ios","(38.46237961895477,-121.95144244870771)",evStart,2020-10-13T19:12:43.511Z
7c441680b9ad0621a8acb78f431d44f6de843842d87a651687fd23cbf4a8f315,1.0.4 (34),"iphone,ios,cordova,capacitor,mobile,hybrid,Apple,iPhone,ios,13.6.1,ios","(47.70627949522234,-122.3195822573156)",evStart,2020-10-13T20:00:10.287Z
5a9d26e00be39496869424cdc7006bb3c0651b739065351e143f2a0d33688111,1.0.4 (34),"iphone,ios,cordova,capacitor,mobile,hybrid,Apple,iPhone,ios,14.2,ios",n/a,evStart,2020-10-15T14:11:04.958Z
0e4bcad6c092ca1246575f1d9acd48a43d46ceebc16ba220e036753417c20819,1.0.4 (34),"iphone,ios,cordova,capacitor,mobile,hybrid,Apple,iPhone,ios,13.6.1,ios",n/a,evStart,2020-10-15T16:01:59.979Z
5a9d26e00be39496869424cdc7006bb3c0651b739065351e143f2a0d33688111,1.0.4 (34),"iphone,ios,cordova,capacitor,mobile,hybrid,Apple,iPhone,ios,14.2,ios","(41.98061712194082,-88.28660987690138)",evStart,2020-10-15T16:44:23.105Z
4d323080aef9f78469866a5c49a5a77c8ca43c75cbb5972b0995628b843036b1,1.0.6 (35),"ipad,ios,tablet,cordova,capacitor,mobile,hybrid,Apple,iPad,ios,14.0,ios",n/a,evStart,2020-10-15T22:28:43.022Z
b1b6c43df0d81dec96dc0b8f8eba7a0da4882680c4e380428211bbce7c69b242,1.0.6 (35),"android,phablet,cordova,capacitor,mobile,hybrid,Google,Android SDK built for x86,android,10,android","(NaN,NaN)",evStart,2020-10-15T23:10:48.881Z
b1b6c43df0d81dec96dc0b8f8eba7a0da4882680c4e380428211bbce7c69b242,1.0.6 (35),"android,phablet,cordova,capacitor,mobile,hybrid,Google,Android SDK built for x86,android,10,android","(NaN,NaN)",evStart,2020-10-15T23:19:47.095Z
905b4cdc0418d04b4e19ef8178be1f109e4627ba0b84509bc56c50b58b577051,1.0.6 (35),"iphone,ios,cordova,capacitor,mobile,hybrid,Apple,iPhone,ios,14.0,ios",n/a,evStart,2020-10-16T00:05:57.756Z
d20ea0ef33386afcead14ec7695850166f0a64077c9e726f05d4c654b576ae39,1.0.6 (35),"android,phablet,cordova,capacitor,mobile,hybrid,Google,Android SDK built for x86,android,8.1.0,android",n/a,evStart,2020-10-16T04:57:16.339Z
d20ea0ef33386afcead14ec7695850166f0a64077c9e726f05d4c654b576ae39,1.0.6 (35),"android,phablet,cordova,capacitor,mobile,hybrid,Google,Android SDK built for x86,android,8.1.0,android",n/a,evStart,2020-10-16T05:07:41.149Z
905e8d35b907e1b9b87cf2c112eac9697cbc79a16b2706ee639746b4a1a649b7,1.0.6 (35),"android,phablet,cordova,capacitor,mobile,hybrid,Google,Android SDK built for x86,android,10,android","(NaN,NaN)",evStart,2020-10-16T05:15:02.729Z
d20ea0ef33386afcead14ec7695850166f0a64077c9e726f05d4c654b576ae39,1.0.6 (35),"android,phablet,cordova,capacitor,mobile,hybrid,Google,Android SDK built for x86,android,8.1.0,android",n/a,evStart,2020-10-16T05:34:29.843Z
905b4cdc0418d04b4e19ef8178be1f109e4627ba0b84509bc56c50b58b577051,1.0.6 (35),"iphone,ios,cordova,capacitor,mobile,hybrid,Apple,iPhone,ios,14.0,ios",n/a,evStart,2020-10-16T17:09:12.833Z
89184bd196ceb1838efb264be11f794135c91578ae6ca72fab81bb1206c9533b,1.0.4 (34),"iphone,ios,cordova,capacitor,mobile,hybrid,Apple,iPhone,ios,14.0.1,ios","(30.040095940923713,-89.98841071108032)",evStart,2020-10-17T16:42:38.152Z
6b9defb05dfc0199b1f7ef4bafc815338e328fc5935f57cb4ef2ae45e05820af,1.0.4 (34),"ipad,ios,tablet,cordova,capacitor,mobile,hybrid,Apple,iPad,ios,14.0.1,ios","(47.698335529037045,-122.37047707126105)",evStart,2020-10-19T17:04:41.469Z
7c441680b9ad0621a8acb78f431d44f6de843842d87a651687fd23cbf4a8f315,1.0.4 (34),"iphone,ios,cordova,capacitor,mobile,hybrid,Apple,iPhone,ios,13.6.1,ios","(47.70626603541095,-122.31955225359111)",evStart,2020-10-19T21:30:49.741Z
4a3a7f86095a34ab165516a8da2d97f80e276af657c6eec30eb0553398aa9e03,1.0.4 (34),"ipad,ios,tablet,cordova,capacitor,mobile,hybrid,Apple,iPad,ios,13.6.1,ios","(47.69827102384255,-122.37027999120507)",evStart,2020-10-19T21:31:30.161Z
4a3a7f86095a34ab165516a8da2d97f80e276af657c6eec30eb0553398aa9e03,1.0.4 (34),"ipad,ios,tablet,cordova,capacitor,mobile,hybrid,Apple,iPad,ios,13.6.1,ios","(47.698289141233275,-122.37023450434337)",evStart,2020-10-19T22:00:42.741Z
4a3a7f86095a34ab165516a8da2d97f80e276af657c6eec30eb0553398aa9e03,1.0.4 (34),"ipad,ios,tablet,cordova,capacitor,mobile,hybrid,Apple,iPad,ios,13.6.1,ios","(47.69834416106912,-122.37041258571325)",evStart,2020-10-19T22:48:12.000Z
2e19c82e9d1d1ccafeb0c4e911430e23e094324e997971fff23fe683c5c33a2c,1.0.4 (34),"iphone,ios,cordova,capacitor,mobile,hybrid,Apple,iPhone,ios,14.0.1,ios",n/a,evStart,2020-10-20T01:57:32.842Z
6d2a8b658adc1ff56801619e1cb283557d2ba63fac34f41238dfeed803392956,1.0.4 (34),"iphone,ios,cordova,capacitor,mobile,hybrid,Apple,iPhone,ios,13.7,ios","(47.698307895902765,-122.37026024373971)",evStart,2020-10-21T00:04:05.057Z
6d2a8b658adc1ff56801619e1cb283557d2ba63fac34f41238dfeed803392956,1.0.4 (34),"iphone,ios,cordova,capacitor,mobile,hybrid,Apple,iPhone,ios,13.7,ios","(47.69862915996936,-122.37061522469325)",evStart,2020-10-21T00:09:38.417Z
d5fc10ca08e9724054c176888b9205da830a05103cb22195086ec048eb8c6946,1.0.4 (34),"iphone,ios,cordova,capacitor,mobile,hybrid,Apple,iPhone,ios,14.1,ios",n/a,evStart,2020-10-22T20:03:45.382Z
a7482d6dda33f2d97e9654ee54856f576ae91b8ff43018ca110f806d89bc7332,1.0.4 (34),"android,cordova,capacitor,mobile,hybrid,samsung,SM-G973U,android,10,android",n/a,evStart,2020-10-25T00:03:54.195Z
ceb7e20a26c908fa8f11d094798f67f424e2e5ea36e0c7744f7a87f36ff2e2e9,1.0.6 (35),"iphone,ios,cordova,capacitor,mobile,hybrid,Apple,iPhone,ios,14.1,ios","(NaN,NaN)",evStart,2020-10-27T17:59:01.024Z
ceb7e20a26c908fa8f11d094798f67f424e2e5ea36e0c7744f7a87f36ff2e2e9,1.0.6 (35),"iphone,ios,cordova,capacitor,mobile,hybrid,Apple,iPhone,ios,14.1,ios","(NaN,NaN)",evStart,2020-10-27T19:21:09.378Z
a0f3ca632881e3b4b2a6b49b0035c5d160ec1c7f273c8edafbba8ad32a7a984d, (),"iphone,ios,mobile,mobileweb,,iPhone,ios,Intel Mac OS X 10.15,web","(NaN,NaN)",evStart,2020-10-27T19:28:47.520Z
a0f3ca632881e3b4b2a6b49b0035c5d160ec1c7f273c8edafbba8ad32a7a984d, (),"iphone,ios,mobile,mobileweb,,iPhone,ios,Intel Mac OS X 10.15,web","(NaN,NaN)",evStart,2020-10-27T19:36:16.069Z
c2fa9547fed31f83e3cf05be2ae71debe521831e7d7ef7775fbc7adea2ce2891,1.0.6 (35),"android,phablet,cordova,capacitor,mobile,hybrid,Google,sdk_gphone_x86_arm,android,11,android",n/a,evStart,2020-10-27T21:51:12.391Z
6a3a4d62c689e7a602574c27b793de8e9dee9b1f1aebc24aebaef75da762a1c5,1.0.4 (34),"iphone,ios,cordova,capacitor,mobile,hybrid,Apple,iPhone,ios,13.7,ios","(32.65916741643992,-85.36869970133965)",evStart,2020-10-28T02:58:58.068Z
6360231f4ea9b489f227f6ce708a896a061787140d722a6e2571e1d795d1bc1a,1.0.4 (34),"android,cordova,capacitor,mobile,hybrid,TCL,5032W,android,9,android","(37.4676268,-122.2266211)",evStart,2020-10-28T03:30:41.942Z
6360231f4ea9b489f227f6ce708a896a061787140d722a6e2571e1d795d1bc1a,1.0.4 (34),"android,cordova,capacitor,mobile,hybrid,TCL,5032W,android,9,android","(37.4676288,-122.226626)",evStart,2020-10-28T05:27:37.900Z
6360231f4ea9b489f227f6ce708a896a061787140d722a6e2571e1d795d1bc1a,1.0.4 (34),"android,cordova,capacitor,mobile,hybrid,TCL,5032W,android,9,android","(37.4676434,-122.226616)",evStart,2020-10-28T09:37:54.389Z
ba7ee3e77c35b8e5516b9ccb475f54295394cee9f6ae93912f61e5a11b8af20d,1.0.4 (34),"iphone,ios,cordova,capacitor,mobile,hybrid,Apple,iPhone,ios,14.0.1,ios",n/a,evStart,2020-10-29T01:07:19.450Z
ba7ee3e77c35b8e5516b9ccb475f54295394cee9f6ae93912f61e5a11b8af20d,1.0.4 (34),"iphone,ios,cordova,capacitor,mobile,hybrid,Apple,iPhone,ios,14.0.1,ios",n/a,evStart,2020-10-29T02:11:35.547Z
ba7ee3e77c35b8e5516b9ccb475f54295394cee9f6ae93912f61e5a11b8af20d,1.0.4 (34),"iphone,ios,cordova,capacitor,mobile,hybrid,Apple,iPhone,ios,14.0.1,ios",n/a,evStart,2020-10-29T15:58:00.184Z
6360231f4ea9b489f227f6ce708a896a061787140d722a6e2571e1d795d1bc1a,1.0.4 (34),"android,cordova,capacitor,mobile,hybrid,TCL,5032W,android,9,android","(37.4676309,-122.2266211)",evStart,2020-10-29T23:36:51.966Z
ba7ee3e77c35b8e5516b9ccb475f54295394cee9f6ae93912f61e5a11b8af20d,1.0.4 (34),"iphone,ios,cordova,capacitor,mobile,hybrid,Apple,iPhone,ios,14.0.1,ios",n/a,evStart,2020-10-30T12:38:46.371Z
fc762934fc2ba3879c515370a86abb21f4f84ea315735c56531dac468aeed03a,1.0.4 (34),"iphone,ios,cordova,capacitor,mobile,hybrid,Apple,iPhone,ios,13.7,ios","(32.33040932251175,-95.30083452063657)",evStart,2020-10-30T14:44:42.635Z
7c441680b9ad0621a8acb78f431d44f6de843842d87a651687fd23cbf4a8f315,1.0.4 (34),"iphone,ios,cordova,capacitor,mobile,hybrid,Apple,iPhone,ios,13.6.1,ios","(47.705929035449735,-122.31745726946684)",evStart,2020-11-01T06:21:01.085Z
4469b6c2064e7802fa609e62eab4d9a63af7829d3110f826ce732c72a76a0ecd,1.0.4 (34),"iphone,ios,cordova,capacitor,mobile,hybrid,Apple,iPhone,ios,14.0.1,ios","(47.70624650235176,-122.31956500706046)",evStart,2020-11-01T06:31:28.478Z
4469b6c2064e7802fa609e62eab4d9a63af7829d3110f826ce732c72a76a0ecd,1.0.4 (34),"iphone,ios,cordova,capacitor,mobile,hybrid,Apple,iPhone,ios,14.0.1,ios",n/a,evStart,2020-11-01T06:45:19.253Z
4469b6c2064e7802fa609e62eab4d9a63af7829d3110f826ce732c72a76a0ecd,1.0.4 (34),"iphone,ios,cordova,capacitor,mobile,hybrid,Apple,iPhone,ios,14.0.1,ios",n/a,evStart,2020-11-01T07:03:31.665Z
9f4e9cd301b76955a04b82ebb0cad2164692da2720223e0670baf42bb8139748,1.0.4 (34),"iphone,ios,cordova,capacitor,mobile,hybrid,Apple,iPhone,ios,13.6.1,ios","(36.141027606886155,-87.84754912731023)",evStart,2020-11-01T16:31:18.424Z
7c441680b9ad0621a8acb78f431d44f6de843842d87a651687fd23cbf4a8f315,1.0.4 (34),"iphone,ios,cordova,capacitor,mobile,hybrid,Apple,iPhone,ios,13.6.1,ios","(47.706255699819444,-122.31956886703136)",evStart,2020-11-03T01:25:48.101Z
d48504143c883249cf5bc2486efffbc0bf09632b0a98eb4c42c7a8a4081a25e7,1.0.4 (34),"iphone,ios,cordova,capacitor,mobile,hybrid,Apple,iPhone,ios,14.1,ios","(46.2801341194622,-119.09736052328552)",evStart,2020-11-04T23:31:42.435Z
d0573972b4e5751d9eee0d67e0696bd97f9563f09542e9fa0a494a60b5304332,1.0.0 (30),"iphone,ios,phablet,cordova,capacitor,mobile,hybrid,Apple,iPhone,ios,14.1,ios","(46.68611994792073,-119.8022445022203)",evStart,2020-11-09T18:40:37.631Z
7b41868fe7758e33f068c0e295eb7b57358e4b9c5bc855ea134fdcf9fdba4e97,1.0.4 (34),"iphone,ios,cordova,capacitor,mobile,hybrid,Apple,iPhone,ios,13.7,ios","(47.34437175148361,-120.25979754485972)",evStart,2020-11-10T15:31:14.948Z
b9c00f5f04c8a4e5242c5e4fb99032b3425f8b84cbc81e0bfb9a7a4d17012e36,1.0.4 (34),"iphone,ios,cordova,capacitor,mobile,hybrid,Apple,iPhone,ios,14.2,ios",n/a,evStart,2020-11-10T15:31:53.369Z
b9c00f5f04c8a4e5242c5e4fb99032b3425f8b84cbc81e0bfb9a7a4d17012e36,1.0.4 (34),"iphone,ios,cordova,capacitor,mobile,hybrid,Apple,iPhone,ios,14.2,ios","(47.34434234468232,-120.25981214903814)",evStart,2020-11-10T19:20:56.115Z
